,,,NICOBAR,7.0,93.0,2.2
,,,NORTH & MIDDLE ANDAMAN,12.61123865,92.83165406414926,7.5
,,,SOUTH ANDAMAN,10.7056905,92.48746789633373,2.8
,,,ANJAW,28.1114301,96.82699963398373,0.0
,,,CHANGLANG,27.1398402,95.7382485,0.0
,,,DIBANG VALLEY,28.8291044,95.95540957636018,
,,,EAST KAMENG,27.3,93.05,4.8
,,,EAST SIANG,28.3,95.15,5.7
,,,KURUNG KUMEY,27.98636765,93.15783468644102,
,,,LOHIT,28.035016149999997,96.17135154220676,10.3
,,,LOWER DIBANG VALLEY,28.21495625,95.87877403567019,2.4
,,,LOWER SUBANSIRI,27.8,93.6,0.0
,,,TAWANG,27.5879186,91.863733,0.6
,,,TIRAP,27.03016895,95.49791754505583,52.0
,,,UPPER SIANG,28.73120455,95.03773151350946,27.4
,,,UPPER SUBANSIRI,28.3,94.0,8.7
,,,WEST KAMENG,27.4,92.35,1.5
,,,WEST SIANG,28.4,94.55,1.9
,,,BAKSA,45.9595045,18.0950419,27.2
,,,BARPETA,26.34142215,91.01674328474073,2.1
,,,BONGAIGAON,26.412376950000002,90.57149765106257,8.4
,,,CACHAR,24.758639950000003,92.88166475768219,7.5
,,,CHIRANG,26.6464231,90.62415698729875,3.8
,,,DARRANG,26.75,92.5,2.8
,,,DHEMAJI,27.466831499999998,94.51786508708852,10.8
,,,DHUBRI,26.18178335,89.96876897646926,0.0
,,,DIBRUGARH,27.4844597,94.9019447,8.5
,,,DIMA HASAO,25.400362549999997,93.07522922678905,0.0
,,,GOALPARA,26.1783623,90.6226683,11.3
,,,GOLAGHAT,26.40490095,94.03209112120626,30.6
,,,HAILAKANDI,24.68845365,92.57381528240943,9.9
,,,JORHAT,26.7577925,94.2079645,23.3
,,,KARBI ANGLONG,26.0,93.5,0.0
,,,KARIMGANJ,24.8647214,92.3681114,14.6
,,,KOKRAJHAR,26.46817205,90.42434746451536,2.5
,,,LAKHIMPUR,27.985060150000002,80.75384538357649,59.0
,,,MORIGAON,26.24860495,92.33879186815903,2.4
,,,NAGAON,26.3313646,92.75247628339588,2.8
,,,NALBARI,26.42386165,91.45122754621168,10.2
,,,SIBSAGAR,26.96388985,94.58213344568205,15.9
,,,TINSUKIA,27.52016575,95.5306347312879,19.6
,,,UDALGURI,26.70472375,92.04215071409463,0.5
,,,EAST GARO HILLS,25.61849455,90.63421621777749,10.8
,,,EAST JAINTIA HILLS,25.25157605,92.48405006942016,
,,,EAST KHASI HILLS,25.40237355,91.83171775361184,18.3
,,,NORTH GARO HILLS,25.8619841,90.70177048839348,6.2
,,,RI-BHOI,25.87640255,91.85675741641606,1.0
,,,SOUTH GARO HILLS,25.347969,90.56577725964563,1.6
,,,SOUTH WEST GARO HILLS,25.44463095,89.99696550020556,0.0
,,,SOUTH WEST KHASI HILLS,25.330722100000003,91.32173879770662,6.3
,,,WEST GARO HILLS,25.606314249999997,90.21139055037469,0.1
,,,WEST JAINTIA HILLS,25.4425965,92.29882747091773,24.2
,,,WEST KHASI HILLS,25.5814429,91.08510943564022,9.6
,,,DIMAPUR,25.911744,93.721703,0.2
,,,KIPHIRE,25.81138215,94.8494968258058,0.0
,,,KOHIMA,25.6618755,94.1019156,0.0
,,,LONGLENG,26.49031725,94.77214247303138,
,,,MOKOKCHUNG,26.4795861,94.51052754768273,10.4
,,,MON,50.445820850000004,3.977683401229719,
,,,PAREN,31.9893691,76.7532134,
,,,PHEK,25.75,94.5,
,,,TUENSANG,26.23421065,94.74155301538642,
,,,WOKHA,26.166667,94.25,
,,,ZUNHEBOTO,26.0,94.5,
,,,BISHNUPUR,23.0757335,87.3146343,4.0
,,,CHANDEL,24.1700959,94.00596727469227,1.3
,,,CHURACHANDPUR,24.281310750000003,93.67603860087425,0.0
,,,IMPHAL EAST,24.85154025,94.00947957721581,4.7
,,,IMPHAL WEST,24.757326,93.85847858025147,3.6
,,,SENAPATI,25.393369749999998,94.15051748246111,
,,,TAMENGLONG,25.064871099999998,93.5465432111695,2.1
,,,THOUBAL,24.62525025,94.00835224071031,
,,,UKHRUL,25.311073800000003,94.47537752375742,5.2
,,,AIZWAL,23.838881200000003,92.62433602446347,50.8
,,,CHAMPHAI,23.4787183,93.3198879,0.0
,,,KOLASIB,24.1985277,92.71606801518978,51.3
,,,LAWNGTLAI,22.34596495,92.8119536068969,19.2
,,,LUNGLEI,22.898553,92.75192291719874,17.5
,,,MAMIT,23.75590845,92.45173568830637,40.4
,,,SAIHA,22.4995518,92.97798988717027,21.2
,,,SERCHHIP,23.385892300000002,92.930598908176,35.3
,,,DHALAI,23.8253158,91.9732226716333,17.6
,,,GOMATI,23.4987407,91.2999111,0.3
,,,KHOWAI,24.04673835,91.62320953646798,9.9
,,,NORTH TRIPURA,24.092147599999997,92.24512135019847,5.7
,,,SIPAHIJALA,23.53074455,91.30156539030573,1.9
,,,SOUTH TRIPURA,23.5,91.666667,0.5
,,,UNAKOTI,24.19098485,92.04604830534434,9.8
,,,WEST TRIPURA,23.916667,91.5,2.3
,,,GANGTOK,27.329046,88.6122673,47.8
,,,GYALSHING,27.41851735,88.18083382964556,7.8
,,,MANGAN,27.52996555,88.40250603680548,14.0
,,,NAMCHI,27.3031019,88.37859609224414,6.4
,,,PAKYONG,27.22893495,88.647119625,16.7
,,,SORENG,27.1706415,88.1994573,22.5
,,,ALIPURDUAR,26.4851573,89.5246926,7.6
,,,COOCH BEHAR,26.3223696,89.4592445,0.0
,,,DARJEELING,27.0377554,88.263176,9.8
,,,JALPAIGURI,26.62628045,88.73344851670664,6.9
,,,KALIMPONG,27.0702869,88.4723676,31.8
,,,MALDA,25.0057449,88.1398483,18.0
,,,NORTH DINAJPUR,25.981,88.051,0.0
,,,SOUTH DINAJPUR,25.3715,88.5565,3.8
,,,BANKURA,23.132376999999998,87.20819250835955,4.5
,,,BIRBHUM,24.06215315,87.69828228934051,0.8
,,,EAST MIDNAPORE,22.052110749999997,88.07124658150045,15.2
,,,HOOGHLY,22.90994025,88.01208246766723,6.3
,,,HOWRAH,22.5736296,88.3251045,13.0
,,,JHARGRAM,22.4538505,86.9949477,18.9
,,,KOLKATA,22.5726459,88.3638953,24.1
,,,MURSHIDABAD,24.1745993,88.2721335,0.0
,,,NADIA,23.4847374,88.55670673333935,1.9
,,,NORTH 24 PARGANAS,22.692681450000002,88.66257945063968,13.4
,,,PASCHIM BARDHAMAN,23.600297849999997,87.30413008873047,1.2
,,,PURBA BARDHAMAN,23.388408849999998,87.96067626428223,1.3
,,,PURULIA,23.2020967,86.32289877475208,5.3
,,,SOUTH 24 PARGANAS,22.1776733,88.53078530426869,12.7
,,,WEST MIDNAPORE,22.4207025,87.3269963,8.6
,,,ANGUL,20.8382426,85.0973949,14.9
,,,BALASORE,21.5006421,86.919884,21.9
,,,BARGARH,21.347763399999998,83.65768298821486,2.3
,,,BHADRAK,21.0633288,86.5053731,11.4
,,,BOLANGIR,20.7502257,83.2499464,10.1
,,,CUTTACK,20.4686,85.8792,12.2
,,,DEOGARH,24.4898318,86.6990182,5.1
,,,DHENKANAL,20.835149350000002,85.60223048169827,21.4
,,,GAJAPATI,19.1966026,84.19306336169709,35.0
,,,GANJAM,19.3883898,85.0496786,51.0
,,,JAGATSINGHPUR,20.2593872,86.1660878,8.2
,,,JAJPUR,20.8522696,86.3385714,10.3
,,,JHARSUGUDA,21.87705125,84.00905063735019,2.8
,,,KALAHANDI,19.82657565,83.04087019477804,33.2
,,,KANDHAMAL,20.13069385,84.07904760590154,28.6
,,,KENDRAPARA,20.50040085,86.43170622796478,8.1
,,,KHURDA,21.74013115,77.20039488886692,21.5
,,,KORAPUT,18.7232023,82.61005964425227,77.3
,,,MALKANGIRI,18.35835435,81.89823748747048,183.0
,,,MAYURBHANJ,21.915633800000002,86.39618239522102,26.0
,,,NAWAPARA,24.894842699999998,87.84391258263065,13.0
,,,NAYAGARH,20.1160666,85.11195643843573,20.0
,,,PURI,19.8076083,85.8252538,7.8
,,,RAYAGADA,18.965998550000002,84.19287455014992,20.1
,,,SAMBALPUR,21.4706422,83.98368580351055,3.4
,,,SONEPUR,25.7094769,85.13552177142104,6.3
,,,SUNDARGARH,22.13327195,83.97965279931319,2.4
,,,BOKARO,23.699127949999998,85.99106894165021,4.5
,,,CHATRA,24.20162495,84.87817691941733,0.3
,,,DEOGHAR,24.4766423,86.60673245386945,0.0
,,,DHANBAD,23.7952809,86.4309638,3.1
,,,DUMKA,24.2538512,87.30064714192224,
,,,GARHWA,24.15529035,83.82522584408349,0.8
,,,GIRIDIH,24.1608897,86.25113503301655,1.1
,,,GODDA,24.74334305,87.2928506179686,0.0
,,,GUMLA,23.0916741,84.5738480719802,0.3
,,,HAZARIBAG,23.9924352,85.3616252,1.5
,,,JAMTARA,23.9630448,86.8027604,0.0
,,,KHUNTI,23.10018105,85.3454593617985,3.4
,,,KODERMA,24.4931239,85.55608107203881,0.0
,,,LATEHAR,23.6880057,84.49695511086065,0.0
,,,LOHARDAGA,23.46920055,84.73568423071751,0.3
,,,PAKUR,24.53259085,87.59323197586771,0.0
,,,PALAMU,24.22129825,84.17255645743987,1.5
,,,RAMGARH,25.30401285,83.68084424934261,1.7
,,,RANCHI,23.3700501,85.3250387,0.1
,,,SAHIBGANJ,25.244263,87.6348084,1.9
,,,SERAIKELA-KHARSAWAN,22.8232012,85.91973201600408,7.3
,,,SIMDEGA,22.6664325,84.5502679119221,1.7
,,,ARARIA,26.26510125,87.36994367279917,0.0
,,,ARWAL,25.18128315,84.65966477186029,0.9
,,,AURANGABAD,24.75,84.5,0.9
,,,BANKA,43.1278266,-1.3728388,0.0
,,,BEGUSARAI,25.5125411,86.08833919362361,1.9
,,,BHABUA,25.07634815,83.63359775892343,0.8
,,,BHAGALPUR,25.286135350000002,87.13042293057262,0.8
,,,BHOJPUR,25.25,84.25,0.6
,,,BUXAR,25.5716195,83.9729568,0.0
,,,DARBHANGA,26.082989949999998,86.03249509324232,0.3
,,,EAST CHAMPARAN,26.639326099999998,84.89901361577535,2.5
,,,GAYA,24.7964355,85.0079563,1.2
,,,GOPALGANJ,26.42111655,84.37391327996377,1.6
,,,JAHANABAD,25.2133,84.9853,2.5
,,,JAMUI,24.9669183,86.17404181759059,0.0
,,,KATIHAR,25.5586421,87.64571962485962,3.2
,,,KHAGARIA,25.4930513,86.69822644137813,10.7
,,,KISHANGANJ,26.29841435,87.94667148301295,0.3
,,,LAKHISARAI,25.1677639,86.0593915399368,0.0
,,,MADHEPURA,25.9259562,86.82042961035677,0.0
,,,MADHUBANI,26.3503076,86.22964236520482,1.0
,,,MONGHYR,25.3773519,86.4731039,0.1
,,,MUZAFFARPUR,26.1482548,85.3316096785584,0.0
,,,NALANDA,25.1364914,85.44365464855682,1.6
,,,NAWADA,24.817324900000003,85.51790846584018,1.2
,,,PATNA,25.6093239,85.1235252,0.0
,,,PURNEA,25.7773601,87.4731227,2.4
,,,ROHTAS,24.93941425,84.01970311897313,0.7
,,,SAHARSA,25.83307565,86.61437508111757,0.0
,,,SAMASTIPUR,25.77478845,85.867231389952,0.2
,,,SARAN,25.9214451,84.77597313027485,3.4
,,,SHEIKHPURA,25.1250741,85.81607708105014,0.2
,,,SHEOHAR,26.49342335,85.27175608137802,0.0
,,,SITAMARHI,26.5942841,85.500428,0.0
,,,SIWAN,26.131008,84.39107448141786,15.6
,,,SUPAUL,26.2768089,86.79596143977405,0.0
,,,VAISHALI,25.954423650000003,85.14486678662564,0.4
,,,WEST CHAMPARAN,27.0518367,84.33512093905162,0.2
,,,AMBEDKAR NAGAR,26.40459405,82.60651543340809,0.0
,,,AMETHI,26.346274049999998,81.62520390649198,0.0
,,,AYODHYA,26.6382763,82.05850340767219,0.0
,,,AZAMGARH,26.023639000000003,83.02931045602446,0.0
,,,BAHRAICH,27.734382250000003,81.47653998303304,2.5
,,,BALLIA,25.87495945,84.12103292973015,9.5
,,,BALRAMPUR,27.4476988,82.39562446515757,0.0
,,,BANDA,47.1220366,17.7795783,15.4
,,,BARABANKI,26.942140600000002,81.38560869842297,0.0
,,,BASTI,27.25,83.0,8.1
,,,BHADOHI,25.424304,82.4883922872558,
,,,CHANDAULI,25.125695049999997,83.24946012689054,0.0
,,,CHITRAKOOT,25.21713895,81.10459272134409,10.3
,,,DEORIA,26.423991100000002,83.7638577758042,0.0
,,,FARRUKHABAD,27.43620025,79.48947783586553,8.2
,,,FATEHPUR,25.8348023,80.91545468512774,10.3
,,,GHAZIPUR,25.60348625,83.50758884009142,5.3
,,,GONDA,27.1103723,81.92389055909715,0.0
,,,GORAKHPUR,26.6677977,83.364233378331,0.0
,,,HARDOI,27.336997750000002,80.09982319183257,26.5
,,,JAUNPUR,25.7967065,82.4888992436659,0.0
,,,KANNAUJ,26.9986675,79.69279463324783,31.5
,,,KANPUR CITY,26.4551032,80.3512287,7.4
,,,KANPUR DEHAT,26.45856395,79.85480520543226,11.8
,,,KAUSHAMBI,25.5342456,81.44935673966953,0.0
,,,KHERI,28.116667,80.716667,0.5
,,,KUSHI NAGAR,12.9991596,77.5698374,0.0
,,,LUCKNOW,26.8381,80.9346001,5.9
,,,MAHARAJGANJ,27.09360245,83.56606806432684,7.6
,,,MAU,26.03909045,83.49858462133619,0.5
,,,MIRZAPUR,24.9316896,82.62801628419575,0.0
,,,PRATAPGARH,25.75,81.75,0.0
,,,PRAYAGRAJ,25.4381302,81.8338005,0.2
,,,RAE BAREILLY,26.25019525,81.3809567121909,0.0
,,,SANT KABIR NAGAR,26.755082,83.03985451976092,0.0
,,,SHRAWASTI NAGAR,19.1558325,72.8403354,0.0
,,,SIDDHARTH NAGAR,16.70376055,74.22322341987822,0.3
,,,SITAPUR,27.502674749999997,80.833513937751,7.3
,,,SONBHADRA,24.4148159,83.0637516718631,0.2
,,,SULTANPUR,26.260473150000003,82.23805321467546,0.0
,,,UNNAO,26.5673264,80.61981926788883,26.0
,,,VARANASI,25.3356491,83.0076292,0.0
,,,AGRA,27.1752554,78.0098161,5.6
,,,ALIGARH,27.8761073,78.13581531245276,0.3
,,,AMROHA,28.90662,78.4707309,0.0
,,,AURAIYA,26.65582145,79.51607566959635,88.9
,,,BADAUN,28.0649367,79.04383198989238,0.0
,,,BAGHPAT,28.97024845,77.3341671760283,0.0
,,,BAREILLY,28.45823445,79.40474517998476,0.0
,,,BIJNOR,29.4074203,78.48214063370122,0.0
,,,BULANDSHAHAR,28.5246712,77.5996529,0.0
,,,ETAH,27.5550357,78.59922214449577,0.0
,,,ETAWAH,26.715562900000002,79.09170983360895,24.0
,,,FIROZABAD,27.178397150000002,78.38936471833091,0.0
,,,GAUTAM BUDDHA NAGAR,28.3695198,77.59708927492271,0.0
,,,GHAZIABAD,28.7678881,77.46066723508514,0.0
,,,HAMIRPUR,25.75,80.0,163.2
,,,HAPUR,28.739459150000002,77.83517038273197,0.0
,,,HATHRAS,27.5724324,78.11162088731544,0.0
,,,JALAUN,26.104863299999998,79.39191362484078,21.6
,,,JHANSI,25.529855,78.65278023546288,0.5
,,,KASGANJ,27.88422635,78.63387553623119,0.0
,,,LALITPUR,24.6999688,78.51861997577222,0.0
,,,MAHOBA,25.36159385,79.70601096636403,0.0
,,,MAINPURI,27.20930715,79.06253691568566,2.3
,,,MATHURA,27.633333,77.583333,0.0
,,,MEERUT,29.0018557,77.76796714992041,0.0
,,,MORADABAD,28.879655300000003,78.80953353954959,0.0
,,,MUZAFFARNAGAR,29.44969785,77.74293325807088,1.0
,,,PILIBHIT,28.4947158,80.1076121626605,0.0
,,,RAMPUR,28.7934728,79.18458064228349,0.0
,,,SAHARANPUR,29.9856799,77.50406459058038,0.0
,,,SAMBHAL,28.6187267,78.5508909140845,0.0
,,,SHAHJAHANPUR,27.9128583,79.74762537616267,0.6
,,,SHAMLI,29.4976372,77.34722114724295,0.0
,,,ALMORA,29.70265095,79.43263182057746,2.6
,,,BAGESHWAR,30.0087902,79.92801830528973,47.8
,,,CHAMOLI,30.49859555,79.61905372220383,33.5
,,,CHAMPAWAT,29.235032,80.10230681491865,0.0
,,,DEHRADUN,30.3255646,78.0436813,43.3
,,,GARHWAL PAURI,30.1479882,78.7759518,5.9
,,,GARHWAL TEHRI,30.5,78.666667,27.4
,,,HARDWAR,29.9384473,78.1452985,0.0
,,,NAINITAL,29.29499495,79.41625112686134,2.5
,,,PITHORAGARH,30.126497450000002,80.48169891016147,9.1
,,,RUDRAPRAYAG,30.28656,78.98072,32.3
,,,UDHAM SINGH NAGAR,29.04783135,79.43261636543795,0.0
,,,UTTARKASHI,30.9635733,78.63625207073864,1.6
,,,AMBALA,30.3843674,76.770421,2.3
,,,BHIWANI,28.7931703,76.1391283,0.0
,,,CHARKHI DADRI,28.5919933,76.2719817,0.0
,,,FARIDABAD,28.4031478,77.3105561,0.0
,,,FATEHABAD,27.02766825,78.2074341134146,0.0
,,,GURGAON,28.4646148,77.0299194,0.0
,,,HISAR,29.080640950000003,75.788754109493,0.0
,,,JHAJJAR,28.53364155,76.68981477716189,0.0
,,,JIND,29.30219685,76.33894452216312,0.0
,,,KAITHAL,29.82231125,76.3790553562613,0.0
,,,KARNAL,29.6803266,76.9896254,0.0
,,,KURUKSHETRA,29.9693747,76.8482787,0.0
,,,MAHENDRAGARH,28.25,76.166667,0.0
,,,NUH,27.99351765,77.04196338756515,0.0
,,,PALWAL,28.1405741,77.3259802,0.0
,,,PANCHKULA,30.6975401,76.8551066,25.4
,,,PANIPAT,29.3912753,76.9771675,0.0
,,,REWARI,28.1956468,76.6165179,0.0
,,,ROHTAK,28.9010899,76.5801935,0.0
,,,SIRSA,29.583333,75.083333,0.0
,,,SONEPAT,28.99197,77.0342633,0.0
,,,YAMUNA NAGAR,19.1481254,72.827599,5.1
,,,CENTRAL DELHI,28.699009500000003,77.23146337815574,0.0
,,,EAST DELHI,28.6117432,77.29827941818031,0.0
,,,NEW DELHI,28.6138954,77.2090057,0.1
,,,NORTH DELHI,28.78722785,77.09809032829239,0.1
,,,NORTH EAST DELHI,28.72330795,77.26685650778668,0.2
,,,NORTH WEST DELHI,28.737914449999998,77.01006262588218,0.0
,,,SOUTH DELHI,28.485169399999997,77.19636520348229,0.0
,,,SOUTH WEST DELHI,28.58644805,76.97915298462692,0.0
,,,WEST DELHI,28.6545456,77.0810555082151,9.5
,,,AMRITSAR,31.6343083,74.8736788,0.0
,,,BARNALA,30.3716802,75.5039886995367,0.0
,,,BHATINDA,30.25,75.0,0.0
,,,FARIDKOT,30.6014507,74.79501756894368,0.0
,,,FATEHGARH SAHIB,30.663404149999998,76.38030001704635,0.0
,,,FAZILKA,30.3198406,74.1217943299535,0.0
,,,FEROZEPUR,30.6839733,76.3594033,0.0
,,,GURDASPUR,31.9037264,75.22755867008682,0.0
,,,HOSHIARPUR,31.60929415,75.84597544153354,0.0
,,,JALANDHAR,31.29223115,75.56788777097373,0.0
,,,KAPURTHALA,31.38564755,75.30533042971072,0.0
,,,LUDHIANA,30.9090157,75.851601,2.6
,,,MANSA,29.8764133,75.48895639945275,0.0
,,,MOGA,30.7877554,75.15935898836224,0.0
,,,MUKTSAR,30.4692,74.5182,0.0
,,,PATHANKOT,32.3021899,75.65894063717977,0.0
,,,PATIALA,30.20927775,76.33972313649818,0.0
,,,RUPNAGAR,31.0917102,76.52897012920695,0.0
,,,SANGRUR,30.135717,75.85333259556887,0.0
,,,SAS NAGAR (MOHALI),30.6904366,76.7116208,0.0
,,,SBS NAGAR,30.8260412,75.1989654,5.8
,,,TARN TARAN,31.32124525,74.84166874384624,0.0
,,,BILASPUR,28.868311,79.29807496695935,1.2
,,,CHAMBA,32.5,76.5,0.3
,,,HAMIRPUR,25.75,80.0,0.0
,,,KANGRA,32.166667,76.25,0.0
,,,KINNAUR,31.593012950000002,78.32814168568953,0.0
,,,KULLU,32.00186325,77.37899639741332,0.0
,,,LAHAUL & SPITI,32.368507,78.08627749298995,0.0
,,,MANDI,31.7084496,76.9293782,0.0
,,,SHIMLA,31.1041526,77.1709729,0.0
,,,SIRMAUR,30.75,77.5,20.8
,,,SOLAN,30.92589585,77.08200509063624,0.8
,,,UNA,31.583333,76.25,0.3
,,,ANANTNAG,33.7368773,75.1455138,0.1
,,,BADGAM,34.0366398,74.72254286484204,0.0
,,,BANDIPORE,34.4563234,74.68249997667994,0.0
,,,BARAMULA,34.2086903,74.343498,0.1
,,,DODA,33.1774307,75.56752281893789,0.0
,,,GANDERBAL,34.192763049999996,74.77001573026513,0.3
,,,JAMMU,32.7185614,74.8580917,0.0
,,,KATHUA,32.583333,75.5,0.0
,,,KULGAM,33.669800550000005,75.01480232217389,0.0
,,,KUPWARA,34.5266079,74.2567173,0.0
,,,POONCH,33.702939,74.24990151547188,0.0
,,,PULWAMA,33.8756947,74.9003129,0.0
,,,RAJOURI,33.3772495,74.3132332,0.0
,,,RAMBAN,33.2387042,75.2404448,0.0
,,,REASI,33.069103150000004,74.8378698208889,0.0
,,,SAMBA,32.57591175,75.12034455530063,0.0
,,,SHOPIAN,33.72078365,74.77142439698211,0.0
,,,SRINAGAR,34.0747444,74.8204443,0.0
,,,UDHAMPUR,33.0,75.166667,0.0
,,,KARGIL,33.802819,76.4730095688732,0.0
,,,LADAKH (LEH),34.1642029,77.5848133,0.0
,,,AJMER,26.4691,74.639,4.2
,,,ALWAR,27.414004849999998,76.61703869600933,0.0
,,,BANSWARA,23.49150465,74.35021720129201,0.0
,,,BARAN,24.92081645,76.6821984669639,5.1
,,,BHARATPUR,27.024695899999998,77.29201163357268,0.4
,,,BHILWARA,25.48911765,74.33007256947698,11.6
,,,BUNDI,25.4367659,75.736147085863,11.7
,,,CHITTORGARH,24.7171578,74.47181293724019,0.8
,,,DAUSA,26.80486585,76.44374569929329,1.2
,,,DHOLPUR,23.37500285,78.40474045028319,9.2
,,,DUNGARPUR,23.672305299999998,73.81664192753466,0.0
,,,JAIPUR,26.9154576,75.8189817,0.4
,,,JHALAWAR,24.3132368,76.52210783164801,0.0
,,,JHUNJHUNU,28.0810679,75.37924775151512,0.0
,,,KARAULI,26.4530971,77.0160460838982,0.8
,,,KOTA,25.196682950000003,76.00096873038872,10.7
,,,PRATAPGARH,25.75,81.75,0.0
,,,RAJSAMAND,25.2892459,73.8241077454327,0.4
,,,SAWAI MADHOPUR,26.1137182,76.4240637330536,11.8
,,,SIKAR,27.662505799999998,75.02799052644464,0.0
,,,SIROHI,24.811404699999997,72.83002573160249,1.1
,,,TONK,26.122266000000003,75.82386305157223,4.0
,,,UDAIPUR,24.578721,73.6862571,0.0
,,,BARMER,25.5814853,71.19249222700306,0.0
,,,BIKANER,28.0159286,73.3171367,0.2
,,,CHURU,28.20477805,74.69129960764752,0.0
,,,HANUMANGARH,29.3659533,74.29842896506344,0.0
,,,JAISALMER,27.0264162,70.77751197645885,0.0
,,,JALORE,25.27186295,72.43881214602396,5.1
,,,JODHPUR,26.2967719,73.0351433,0.6
,,,NAGAUR,26.9873443,73.73890107316704,0.5
,,,PALI,25.45522105,73.4193889559074,5.5
,,,SRI GANGANAGAR,29.54807325,73.83389485608284,0.0
,,,ANUPPUR,23.0346179,81.75102551563023,1.5
,,,BALAGHAT,21.8611589,80.3237104768576,24.4
,,,CHHATARPUR,24.75,79.75,5.0
,,,CHHINDWARA,22.20718965,78.79883295930742,18.5
,,,DAMOH,23.75,79.583333,0.0
,,,DINDORI,22.9446796,81.0774969,2.2
,,,JABALPUR,23.1608938,79.9497702,3.5
,,,KATNI,23.7477258,80.40158570175886,1.0
,,,MANDLA,22.687107400000002,80.58163411525186,5.7
,,,NARSINGHPUR,22.93455595,79.08678489806229,12.8
,,,NIWARI,25.3123152,78.66756404982684,0.1
,,,PANNA,24.5,80.25,5.9
,,,REWA,24.75608455,81.38105738502682,0.7
,,,SAGAR,23.808307550000002,78.75825398721975,6.9
,,,SATNA,24.5,81.0,8.5
,,,SEONI,22.2748109,79.72025222428486,3.9
,,,SHAHDOL,23.3002343,81.364771,6.7
,,,SIDHI,24.25,82.0,0.5
,,,SINGRAULI,24.1974432,82.6661453,0.3
,,,TIKAMGARH,24.85521045,79.04725459918899,0.5
,,,UMARIA,23.64318365,80.94190777719564,0.9
,,,AGAR-MALWA,23.935091999999997,76.14495952354727,0.0
,,,ALIRAJPUR,22.28595245,74.35456282607561,1.9
,,,ASHOKNAGAR,24.576189,77.7302895,5.8
,,,BARWANI,22.0333621,74.8978374,1.9
,,,BETUL,21.8797472,77.87536507259225,0.0
,,,BHIND,26.5,78.75,7.7
,,,BHOPAL,23.2584857,77.401989,14.9
,,,BURHANPUR,26.269739549999997,82.99508798317166,0.0
,,,DATIA,25.75,78.5,1.3
,,,DEWAS,23.0,76.166667,0.2
,,,DHAR,22.578657200000002,75.22586367245644,0.1
,,,GUNA,24.5,77.5,8.3
,,,GWALIOR,26.2037247,78.1573628,0.4
,,,HARDA,22.3388828,77.0929933,0.0
,,,INDORE,22.7203616,75.8681996,0.0
,,,JHABUA,22.88696515,74.72432486327068,0.0
,,,KHANDWA,21.9769779,76.56753443408948,0.0
,,,KHARGONE,21.825599,75.614182,0.6
,,,MANDSAUR,24.2628148,75.38569204340352,0.0
,,,MORENA,26.166667,77.5,0.0
,,,NARMADAPURAM,22.60028325,77.92698480384354,1.0
,,,NEEMUCH,24.63055165,75.18289996326385,0.0
,,,RAISEN,23.25,78.083333,21.2
,,,RAJGARH,23.87167065,76.77447033719486,4.7
,,,RATLAM,23.50222005,74.9551534052134,0.1
,,,SEHORE,23.115004149999997,77.06653558236647,5.0
,,,SHAJAPUR,23.41710015,76.60747942907905,0.0
,,,SHEOPUR,25.6656611,76.6954843,15.4
,,,SHIVPURI,25.374121549999998,77.82788660942335,2.8
,,,UJJAIN,23.1885131,75.7716562,0.0
,,,VIDISHA,23.5208128,77.8063184,16.0
,,,AHMEDABAD,23.0215374,72.5800568,0.1
,,,ANAND,22.5586555,72.9627227,2.9
,,,ARAVALLI,23.48432165,73.3986095810327,0.0
,,,BANASKANTHA,24.26939205,72.1620246197068,0.0
,,,BHARUCH,21.82728385,72.89284864362733,2.1
,,,CHHOTA UDEPUR,22.3148736,74.0141067,0.0
,,,DADARA & NAGAR HAVELI,20.2037342,73.0062143123053,84.2
,,,DAHOD,22.919409899999998,74.13427251978064,1.0
,,,DAMAN,20.42000485,72.86376290300566,123.7
,,,DANGS,20.75,73.75,8.8
,,,GANDHINAGAR,23.2232877,72.6492267,0.1
,,,KHEDA,22.75,72.833333,1.5
,,,MAHISAGAR,23.19121945,73.6644398400249,0.0
,,,MEHSANA,23.601262849999998,72.37415155167554,0.0
,,,NARMADA,21.73926245,73.6262457912427,3.7
,,,NAVSARI,20.952407,72.9323831,33.9
,,,PANCHMAHAL,22.69780985,73.59806821441484,1.7
,,,PATAN,23.773753,71.67985812598445,0.0
,,,SABARKANTHA,23.868850549999998,73.01378404622145,0.3
,,,SURAT,45.9383,3.2553,10.3
,,,TAPI,21.1916567,73.55606306168934,8.9
,,,VADODARA,22.2973142,73.1942567,0.8
,,,VALSAD,20.43219565,73.14098929730321,69.9
,,,AMRELI,21.4176122,71.24960898982046,2.8
,,,BHAVNAGAR,21.7718836,72.1416449,2.9
,,,BOTAD,22.046709749999998,71.66896169930108,3.9
,,,DEVBHOOMI DWARKA,22.2105363,69.653336,189.4
,,,DIU,20.718174949999998,70.93238341010638,33.4
,,,GIR SOMNATH,20.9298181,70.76275783253665,24.6
,,,JAMNAGAR,22.4732415,70.0552102,32.0
,,,JUNAGADH,21.5220416,70.4582458,77.2
,,,KUTCH,23.583333,70.0,23.9
,,,MORBI,22.8176662,70.8345928,7.4
,,,PORBANDAR,21.6409,69.611,108.0
,,,RAJKOT,22.3053263,70.8028377,15.7
,,,SURENDRANAGAR,22.75,71.666667,2.0
,,,DADARA & NAGAR HAVELI,20.2037342,73.0062143123053,84.2
,,,DAMAN,20.42000485,72.86376290300566,123.7
,,,DIU,20.718174949999998,70.93238341010638,33.4
,,,NORTH GOA,15.60444125,74.00172406307475,60.9
,,,SOUTH GOA,15.219624,74.1159084575026,57.7
,,,MUMBAI CITY,18.9733536,72.82810491917377,111.0
,,,MUMBAI SUBURBAN,19.0785451,72.878176,78.9
,,,PALGHAR,19.757249,73.09311986183509,32.1
,,,RAIGAD,18.4928092,73.13807095426539,119.4
,,,RATNAGIRI,17.282607900000002,73.4569787039826,69.4
,,,SINDHUDURG,16.135719299999998,73.65220860183584,61.6
,,,THANE,19.1943294,72.9701779,55.4
,,,AHMEDNAGAR,19.162772500000003,74.85802430085195,1.0
,,,DHULE,21.1305215,74.49006143365727,1.8
,,,JALGAON,20.84288265,75.52612463784979,3.5
,,,KOLHAPUR,16.7028412,74.2405329,47.9
,,,NANDURBAR,21.51416215,74.54055132515717,11.8
,,,NASHIK,20.0112475,73.7902364,5.0
,,,PUNE,18.521428,73.8544541,14.3
,,,SANGLI,17.1726928,74.58676543279755,12.8
,,,SATARA,17.63612885,74.29827807601782,14.0
,,,SHOLAPUR,17.6599,75.9064,0.0
,,,BEED,18.9918442,75.90978399809711,3.0
,,,DHARASHIV,18.16984395,76.11796321159572,0.5
,,,HINGOLI,19.54311635,77.17394323993398,0.0
,,,JALNA,19.918832950000002,75.87085986165867,0.0
,,,LATUR,18.35159075,76.75542361334745,5.4
,,,NANDED,19.09400875,77.48319215130235,1.1
,,,PARBHANI,19.29019805,76.60264434278307,4.6
,,,AKOLA,20.76181225,77.1921156663574,0.3
,,,BHANDARA,21.1225869,79.79450898891825,114.3
,,,BULDHANA,20.562845000000003,76.40869861474177,0.8
,,,CHANDRAPUR,20.0967555,79.50454752230621,60.1
,,,GADCHIROLI,19.759070350000002,80.16228072580182,77.7
,,,GONDIA,21.455228,80.1962729,72.2
,,,NAGPUR,21.1498134,79.0820556,62.7
,,,WARDHA,20.82562315,78.61314549522919,45.5
,,,WASHIM,20.287417750000003,77.23696550258964,0.5
,,,BALOD,20.7277192,81.1446947513626,79.2
,,,BALODA BAZAR,21.573184750000003,82.2994820805541,8.9
,,,BALRAMPUR,27.4476988,82.39562446515757,2.0
,,,BASTAR,19.11912825,81.82918648971713,84.0
,,,BEMETARA,21.6783867,81.44125784340252,12.4
,,,BIJAPUR,16.8269911,75.7175387,125.3
,,,BILASPUR,28.868311,79.29807496695935,5.4
,,,DANTEWADA,18.8640648,81.38339468738648,93.9
,,,DHAMTARI,20.7084545,81.5481305,45.8
,,,DURG,21.1982964,81.40079215767969,23.9
,,,GARIABAND,20.42921465,82.25255842887256,18.1
,,,GAURELA-PENDRA-MARWAHI,22.83131855,81.95896604969082,2.1
,,,JANJGIR-CHAMPA,21.986403,82.55366063452159,16.0
,,,JASHPUR,22.770251000000002,83.97080132252168,0.5
,,,KABIRDHAM,22.115008500000002,81.24469439285053,3.7
,,,KANKER,20.2692747,81.4932111,98.9
,,,KHAIRAGARH-CHHUIKHADAN-GANDAI,21.52884895,80.94843264259666,33.1
,,,KONDAGAON,19.5885769,81.6628742,75.2
,,,KORBA,22.5198217,82.63500285150224,1.2
,,,KOREA,37.9528488,126.73311710879327,0.0
,,,MAHASAMUND,21.19228455,82.48902633077708,4.6
,,,MOHALA-MANPUR-CHOWKI,20.5788164,80.7466269,105.5
,,,MUNGELI,22.0661098,81.6874282,15.5
,,,NARAYANPUR,24.04358345,86.58061280011054,103.3
,,,RAIGARH,22.5,83.5,0.3
,,,RAIPUR,21.2380912,81.6336993,15.4
,,,RAJNANDGAON,21.06844245,80.797077941564,71.7
,,,SAKTI,-8.7060094,115.4819099,1.5
,,,SARANGARH-BILAIGARH,21.54278085,83.12613574533323,0.9
,,,SUKMA,18.26654225,81.29252341475065,138.4
,,,SURAJPUR,23.357776899999998,82.97612766699449,0.0
,,,SURGUJA,22.94691345,83.1656942260687,0.0
,,,ANAKAPALLI,17.671533099999998,82.77475669632513,80.8
,,,BAPATLA,15.9052608,80.4680501,8.2
,,,DR B R AMBEDKAR KONASEEMA,16.645074049999998,82.08243228248753,22.2
,,,EAST GODAVARI,16.99566385,81.71543778889063,44.1
,,,ELURU,16.7104257,81.1153816,53.5
,,,GUNTUR,16.2915189,80.4541588,32.9
,,,KAKINADA,16.9437385,82.2350607,34.5
,,,KRISHNA,16.21277,81.03069575082347,35.5
,,,NTR DISTRICT,16.816911750000003,80.25022993069638,38.0
,,,PALNADU,16.32310375,79.69750488987478,16.1
,,,PARVATHIPURAM MANYAM,18.75149845,83.54874728260714,43.6
,,,PRAKASAM,15.6589741,79.47164372680194,7.6
,,,SPSR NELLORE,14.71875825,79.65961022770595,13.1
,,,SRI ALLURI SITHARAMARAJU DISTRICT,17.4398097,81.7769722,92.4
,,,SRIKAKULAM,18.2949307,83.8938844,48.6
,,,VIZIANAGARAM,18.1139259,83.3979562,49.0
,,,WEST GODAVARI,16.64430285,81.58852467942901,32.4
,,,YANAM,16.7332235,82.2018117763748,22.6
,,,ANNAMAYYA DISTRICT,13.89590335,78.87124015614349,1.3
,,,CHITTOOR,13.1601048,79.15555061803596,1.2
,,,KURNOOL,15.8309251,78.0425373,19.1
,,,NANDYAL,15.475377349999999,78.47855756523148,33.3
,,,SRI SATHYASAI DISTRICT,11.474359849999999,75.6452629645743,1.8
,,,TIRUPATI,13.6316368,79.4231711,1.6
,,,YSR DISTRICT,14.6919995,78.65883804944356,6.7
,,,ADILABAD,19.54570375,78.60867589700759,4.4
,,,B. KOTHAGUDEM,19.324255,79.4999564,40.6
,,,HANUMAKONDA,18.032699,79.42839689575725,18.0
,,,HYDERABAD,17.360589,78.4740613,8.8
,,,J. BHUPALPALLY,18.4381466,79.8684969,29.2
,,,JAGTIAL,18.82135895,78.91506632525903,4.6
,,,JANGAON,17.746584300000002,79.24072182693956,10.7
,,,JOGULAMBA GADWAL,16.0999202,77.73415835077523,20.9
,,,KAMAREDDY,18.316551,78.05393808043348,7.6
,,,KARIMNAGAR,18.4348122,79.1328042,8.9
,,,KHAMMAM,17.172918850000002,80.40575365751027,41.0
,,,M. MALKAJGIRI,17.4511764,78.5368997,7.0
,,,MAHABUBABAD,17.7138983,80.04134252767227,45.3
,,,MAHABUBNAGAR,16.696568550000002,77.95911462089693,21.0
,,,MANCHERIAL,18.9812967,79.51980961374048,13.2
,,,MEDAK,17.9375095,78.21174498510584,9.9
,,,MULUGU,17.7436949,78.62977,43.9
,,,NAGARKURNOOL,16.415762649999998,78.68304333132829,15.0
,,,NALGONDA,16.8579636,79.21749353315548,12.7
,,,NARAYANPET,16.7477612,77.4949954,27.1
,,,NIRMAL,19.091520950000003,78.39660898429065,3.9
,,,NIZAMABAD,26.055317950000003,82.99313867937335,4.0
,,,PEDDAPALLE,17.5619842,82.8327333,13.6
,,,RAJANNA SIRCILLA,18.452116,78.76455837158737,3.4
,,,RANGAREDDY,16.9344152,77.7788338,7.7
,,,SANGAREDDY,17.86859205,77.8228199507381,5.5
,,,SIDDIPET,18.005585099999998,78.89611304969961,6.2
,,,SURYAPET,17.08001385,79.7925329742427,27.6
,,,VIKARABAD,17.2702855,77.74529700637382,14.0
,,,WANAPARTHY,16.285294399999998,77.98644727021286,28.9
,,,WARANGAL,17.9820644,79.5970954,24.6
,,,Y. BHUVANAGIRI,17.5172789,78.8863383,9.7
,,,ARIYALUR,11.1530559,79.25857973608959,0.0
,,,CHENGALPATTU,12.6840886,79.9836371,0.1
,,,CHENNAI,13.0836939,80.270186,0.1
,,,COIMBATORE,11.0018115,76.9628425,15.1
,,,CUDDALORE,11.74269375,79.75030644171935,0.1
,,,DHARMAPURI,12.14561305,78.11322171666458,0.4
,,,DINDIGUL,10.425689649999999,77.815663999998,0.1
,,,ERODE,11.49052815,77.35052739885393,0.1
,,,KALLAKURICHI,11.79468465,79.03882106200822,0.7
,,,KANCHEEPURAM,12.87960515,79.70427615297989,0.0
,,,KANYAKUMARI,8.079252,77.5499338,0.4
,,,KARUR,10.821767099999999,78.38286541157868,0.0
,,,KRISHNAGIRI,12.5188835,78.2206536,1.8
,,,MADURAI,9.9261153,78.1140983,0.0
,,,MAYILADUTHURAI,11.1018614,79.6503162,0.0
,,,NAGAPATTINAM,10.7647952,79.8430779,0.0
,,,NAMAKKAL,11.303388949999999,78.1186040211884,0.0
,,,NILGIRIS,11.4449997,76.69751997973526,27.3
,,,PERAMBALUR,11.2356695,78.8688353,0.0
,,,PUDUKKOTTAI,10.5,78.833333,0.0
,,,RAMANATHAPURAM,9.5205576,78.51846345155016,0.0
,,,RANIPET,12.9292452,79.3321712,0.0
,,,SALEM,44.9391565,-123.033121,0.3
,,,SIVAGANGA,9.8486881,78.4870461,0.0
,,,TENKASI,8.9560546,77.3058504,2.1
,,,THANJAVUR,10.7860267,79.1381497,0.0
,,,THENI,9.86925575,77.42229738345591,1.6
,,,TIRUNELVELI,8.5495014,77.58051775636523,2.8
,,,TIRUPATTUR,12.490898,78.564709,1.1
,,,TIRUPPUR,10.791526650000002,77.53254662905589,1.6
,,,TIRUVALLUR,13.1394221,79.9070839,0.0
,,,TIRUVANNAMALAI,12.2343228,79.0761989,1.8
,,,TIRUVARUR,10.794229,79.599975,0.0
,,,TRICHY,10.804973,78.6870296,0.1
,,,VELLORE,12.9009299,79.06148441803552,0.0
,,,VILLUPURAM,11.9398285,79.4945645,0.6
,,,VIRUDHUNAGAR,9.4926289,77.86318306460637,0.0
,,,KARAIKAL,10.91571,79.8375761,0.0
,,,MAHE,11.7021978,75.5364701,19.0
,,,PUDUCHERRY,10.91564885,79.80694879844232,1.1
,,,YANAM,16.7332235,82.2018117763748,22.6
,,,DAKSHINA KANNADA,12.82264335,75.22650362528617,55.3
,,,UDUPI,13.3419169,74.7473232,55.4
,,,UTTARA KANNADA,14.72537945,74.64033891105888,75.0
,,,BAGALKOTE,16.2903648,75.5915819092485,3.0
,,,BELAGAVI,16.15878455,74.88886197026468,12.9
,,,BIDAR,18.02315245,77.249718672587,5.2
,,,DHARWAD,15.3707296,75.13328673460543,11.0
,,,GADAG,15.41669195,75.6815801296564,6.4
,,,HAVERI,14.7874825,75.3996731,18.7
,,,KALABURGI,15.4387761,77.4413999,9.9
,,,KOPPAL,15.57482375,76.3118493692591,1.4
,,,RAICHUR,16.054719400000003,76.90036472411589,6.0
,,,VIJAYAPURA,16.666667,75.916667,0.3
,,,YADGIR,16.57441225,76.92544344576471,2.1
,,,BALLARI,15.2485413,76.8323648,5.7
,,,BENGALURU RURAL,13.1826245,77.33956812783698,3.8
,,,BENGALURU URBAN,12.94615545,77.55038444771247,4.7
,,,CHAMARAJANAGAR,11.95442005,77.1069086262881,12.5
,,,CHIKKAMAGALURU,13.5,75.5,55.4
,,,CHITRADURGA,14.3049174,76.52978524365514,11.0
,,,DAVANGERE,14.4661266,75.9206361,21.7
,,,HASSAN,13.030185249999999,76.17449676658171,23.4
,,,KODAGU,12.3827332,75.66407145094288,49.6
,,,KOLAR,13.1795969,78.26718432613437,3.0
,,,MANDYA,12.5238888,76.8961961,9.1
,,,MYSURU,12.3051828,76.6553609,7.1
,,,RAMANAGARA,12.720005950000001,77.31841990623,2.1
,,,SHIVAMOGGA,13.9326093,75.574978,68.2
,,,TUMAKURU,13.4192512,76.88100044465654,5.4
,,,VIJAYANAGARA,13.8552057,75.7449481,5.8
,,,ALAPUZHA,9.56493435,76.54448148836951,1.0
,,,CANNUR,41.0402591,28.8444557,46.9
,,,ERNAKULAM,9.98408,76.2741457,2.7
,,,IDUKKI,9.815478500000001,76.99915994809137,16.8
,,,KASARGOD,12.4914722,74.9877613,44.4
,,,KOLLAM,8.8879509,76.5955013,1.1
,,,KOTTAYAM,9.6287383,76.64553257390992,0.8
,,,KOZHIKODE,11.2450558,75.7754716,21.8
,,,MALAPPURAM,11.10684475,76.10995510466662,20.3
,,,PALAKKAD,10.78736915,76.47421718925105,20.1
,,,PATHANAMTHITTA,9.278084100000001,76.97374429915658,0.3
,,,THIRUVANANTHAPURAM,8.4882267,76.947551,1.1
,,,THRISSUR,10.5270099,76.214621,8.0
,,,WYNAD,9.329189549999999,76.7265649592292,44.2
,,,MAHE,11.7021978,75.5364701,19.0
,,,LAKSHADWEEP,10.3337313,72.92053859204833,0.4
